request_id,amount_safe_to_pay,affordability_status,recommended_payment_method,payment_plan,earliest_date_for_full_payment,spending_changes_needed,decision_explanation
request_26,15656000.0,affordable_with_plan,installments,2025-08-03:15656000,2025-08-03,none,"Use 1 installments of IDR 15,656,000.00, starting 2025-08-03. This leaves at least IDR 24,768,300 available."
request_27,6670.0,affordable_now,full_payment,2026-07-05:6670,2026-07-05,none,"Pay ZAR 6,670.00 today. This leaves at least ZAR 20,500 available over the next 90 days."
request_28,108.92,not_affordable,not_recommended,none,,none,"Do not proceed with this expense. None of the available options keeps the EUR 1,100 minimum balance protected over the next 90 days."
request_29,51524.0,affordable_with_plan,installments,2025-11-04:51524,2025-11-04,none,"Use 1 installments of ZAR 51,524.00, starting 2025-11-04. This leaves at least ZAR 28,300 available."
request_30,775.2,affordable_with_plan,installments,2026-04-06:775.20,2026-04-06,none,"Use 1 installments of USD 775.20, starting 2026-04-06. This leaves at least USD 900 available."
request_31,5948819.36,affordable_later,wait,2024-10-15:18164000,2024-10-15,none,"Pay IDR 18,164,000.00 in full on 2024-10-15. Paying earlier would take the balance below the IDR 16,588,900 minimum."
request_32,19701.26,affordable_later,wait,2025-03-15:40018,2025-03-15,none,"Pay ZAR 40,018.00 in full on 2025-03-15. Paying earlier would take the balance below the ZAR 35,700 minimum."
request_33,51670.24,affordable_later,wait,2026-01-15:118000,2026-01-15,none,"Pay INR 118,000.00 in full on 2026-01-15. Paying earlier would take the balance below the INR 102,100 minimum."
request_34,129400.0,affordable_now,full_payment,2024-12-04:129400,2024-12-04,none,"Pay INR 129,400.00 today. This leaves at least INR 138,500 available over the next 90 days."
request_35,56578.66,affordable_later,wait,2025-12-15:212000,2025-12-15,none,"Pay INR 212,000.00 in full on 2025-12-15. Paying earlier would take the balance below the INR 106,400 minimum."
request_36,921.23,affordable_later,wait,2026-09-15:3954,2026-09-15,none,"Pay USD 3,954.00 in full on 2026-09-15. Paying earlier would take the balance below the USD 2,400 minimum."
request_37,0.0,not_affordable,not_recommended,none,,none,"Do not proceed with this expense. None of the available options keeps the IDR 17,056,200 minimum balance protected over the next 90 days."
request_38,225.42,affordable_later,wait,2025-09-15:971.30,2025-09-15,none,Pay EUR 971.30 in full on 2025-09-15. Paying earlier would take the balance below the EUR 400 minimum.
request_39,0.0,not_affordable,not_recommended,none,,none,"Do not proceed with this expense. None of the available options keeps the INR 213,400 minimum balance protected over the next 90 days."
request_40,540.0,affordable_later,wait,2024-07-15:1290.30,2024-07-15,none,"Pay EUR 1,290.30 in full on 2024-07-15. Paying earlier would take the balance below the EUR 1,500 minimum."
request_41,0.0,not_affordable,not_recommended,none,,none,"Do not proceed with this expense. None of the available options keeps the IDR 25,366,600 minimum balance protected over the next 90 days."
request_42,52100.0,affordable_now,full_payment,2026-01-05:52100,2026-01-05,none,"Pay INR 52,100.00 today. This leaves at least INR 113,100 available over the next 90 days."
request_43,9868266.98,affordable_later,wait,2024-10-15:43339000,2024-10-15,none,"Pay IDR 43,339,000.00 in full on 2024-10-15. Paying earlier would take the balance below the IDR 21,398,000 minimum."
request_44,50160.0,affordable_later,wait,2025-03-15:95800,2025-03-15,none,"Pay INR 95,800.00 in full on 2025-03-15. Paying earlier would take the balance below the INR 82,900 minimum."
request_45,5270814.54,affordable_later,wait,2026-09-15:21983000,2026-09-15,none,"Pay IDR 21,983,000.00 in full on 2026-09-15. Paying earlier would take the balance below the IDR 11,149,800 minimum."
request_46,49450.0,affordable_with_plan,installments,2024-12-03:49450,2024-12-03,none,"Use 1 installments of INR 49,450.00, starting 2024-12-03. This leaves at least INR 84,000 available."
request_47,38114000.0,affordable_with_plan,installments,2025-05-05:38114000,2025-05-05,none,"Use 1 installments of IDR 38,114,000.00, starting 2025-05-05. This leaves at least IDR 30,049,000 available."
request_48,0.0,not_affordable,not_recommended,none,,none,"Do not proceed with this expense. None of the available options keeps the INR 71,300 minimum balance protected over the next 90 days."
request_49,15786210.35,affordable_with_plan,installments,2024-03-18:11902106.67|2024-04-18:11902106.67|2024-05-19:11902106.67,2024-04-15,none,"Use 3 installments of IDR 11,902,106.67, starting 2024-03-18. This leaves at least IDR 20,275,700 available."
request_50,43900.0,affordable_now,full_payment,2025-08-06:43900,2025-08-06,none,"Pay INR 43,900.00 today. This leaves at least INR 99,700 available over the next 90 days."
request_51,2191000.0,affordable_with_plan,installments,2026-01-03:2191000,2026-01-03,none,"Use 1 installments of IDR 2,191,000.00, starting 2026-01-03. This leaves at least IDR 7,811,000 available."
request_52,21927.86,affordable_later,wait,2024-06-15:28870,2024-06-15,none,"Pay INR 28,870.00 in full on 2024-06-15. Paying earlier would take the balance below the INR 41,500 minimum."
request_53,714.42,affordable_with_plan,installments,2025-11-21:589.06|2025-12-19:589.06|2026-01-16:589.06,2025-11-15,none,"Use 3 installments of USD 589.06, starting 2025-11-21. This leaves at least USD 2,100 available."
request_54,6458.84,not_affordable,not_recommended,none,,none,"Do not proceed with this expense. None of the available options keeps the ZAR 37,000 minimum balance protected over the next 90 days."
request_55,154596.19,affordable_with_plan,installments,2026-06-11:75781.33|2026-07-12:75781.33|2026-08-12:75781.33,2026-06-15,none,"Use 3 installments of INR 75,781.33, starting 2026-06-11. This leaves at least INR 124,300 available."
request_56,777.1,affordable_with_plan,partial_payment,2025-02-03:777.10|2025-02-15:104.46,2025-02-15,none,Pay USD 777.10 today and the remaining balance on 2025-02-15. This completes the full request safely by the deadline.
request_57,16640.57,affordable_later,wait,2026-05-15:61446,2026-05-15,none,"Pay ZAR 61,446.00 in full on 2026-05-15. Paying earlier would take the balance below the ZAR 42,700 minimum."
request_58,16226000.0,affordable_now,full_payment,2024-12-07:16226000,2024-12-07,none,"Pay IDR 16,226,000.00 today. This leaves at least IDR 14,433,900 available over the next 90 days."
request_59,140600.0,affordable_with_plan,installments,2025-05-04:140600,2025-05-04,none,"Use 1 installments of INR 140,600.00, starting 2025-05-04. This leaves at least INR 132,600 available."
request_60,199.89,affordable_now,full_payment,2026-01-06:199.89,2026-01-06,none,Pay USD 199.89 today. This leaves at least USD 400 available over the next 90 days.
request_61,29062.0,affordable_with_plan,installments,2024-03-03:29062,2024-03-03,none,"Use 1 installments of ZAR 29,062.00, starting 2024-03-03. This leaves at least ZAR 36,700 available."
request_62,404.23,affordable_now,full_payment,2025-08-05:404.23,2025-08-05,none,"Pay USD 404.23 today. This leaves at least USD 1,300 available over the next 90 days."
request_63,0.0,not_affordable,not_recommended,none,,none,"Do not proceed with this expense. None of the available options keeps the INR 153,500 minimum balance protected over the next 90 days."
request_64,0.0,not_affordable,not_recommended,none,,none,"Do not proceed with this expense. None of the available options keeps the INR 36,100 minimum balance protected over the next 90 days."
request_65,7114.42,not_affordable,not_recommended,none,,none,"Do not proceed with this expense. None of the available options keeps the ZAR 15,500 minimum balance protected over the next 90 days."
request_66,22200.0,affordable_now,full_payment,2026-04-03:22200,2026-04-03,none,"Pay INR 22,200.00 today. This leaves at least INR 80,700 available over the next 90 days."
request_67,608.7,affordable_later,wait,2024-10-15:2094,2024-10-15,none,"Pay USD 2,094.00 in full on 2024-10-15. Paying earlier would take the balance below the USD 1,200 minimum."
request_68,1688.58,affordable_with_plan,installments,2025-02-14:725.09|2025-03-14:725.09|2025-04-11:725.09,2025-02-23,none,"Use 3 installments of USD 725.09, starting 2025-02-14. This leaves at least USD 1,500 available."
request_69,529.1,affordable_with_plan,installments,2026-01-04:529.10,2026-01-04,none,"Use 1 installments of EUR 529.10, starting 2026-01-04. This leaves at least EUR 700 available."
request_70,59952.21,not_affordable,not_recommended,none,,none,"Do not proceed with this expense. None of the available options keeps the INR 115,000 minimum balance protected over the next 90 days."
request_71,0.0,not_affordable,not_recommended,none,,none,"Do not proceed with this expense. None of the available options keeps the IDR 8,884,800 minimum balance protected over the next 90 days."
request_72,11330.0,affordable_now,full_payment,2026-07-05:11330,2026-07-05,none,"Pay ZAR 11,330.00 today. This leaves at least ZAR 12,200 available over the next 90 days."
request_73,71400.0,affordable_with_plan,installments,2023-01-20:71400,2023-01-20,none,"Use 1 installments of INR 71,400.00, starting 2023-01-20. This leaves at least INR 103,200 available."
request_74,5010.0,affordable_now,full_payment,2025-08-04:5010,2025-08-04,none,"Pay ZAR 5,010.00 today. This leaves at least ZAR 21,900 available over the next 90 days."
request_75,28270.0,affordable_with_plan,installments,2026-04-06:28270,2026-04-06,none,"Use 1 installments of ZAR 28,270.00, starting 2026-04-06. This leaves at least ZAR 39,000 available."
request_76,1117.02,not_affordable,not_recommended,none,,none,"Do not proceed with this expense. None of the available options keeps the USD 1,800 minimum balance protected over the next 90 days."
request_77,60700.0,affordable_now,full_payment,2025-11-05:60700,2025-11-05,none,"Pay INR 60,700.00 today. This leaves at least INR 82,200 available over the next 90 days."
request_78,50200.0,affordable_now,full_payment,2025-10-02:50200,2025-10-02,none,"Pay INR 50,200.00 today. This leaves at least INR 55,200 available over the next 90 days."
request_79,524.48,not_affordable,not_recommended,none,2024-11-15,none,"Do not proceed with this expense. None of the available options keeps the EUR 1,000 minimum balance protected over the next 90 days."
request_80,0.0,not_affordable,not_recommended,none,,none,"Do not proceed with this expense. None of the available options keeps the INR 121,300 minimum balance protected over the next 90 days."
request_81,2076.0,affordable_now,full_payment,2026-07-03:2076,2026-07-03,none,"Pay USD 2,076.00 today. This leaves at least USD 1,600 available over the next 90 days."
request_82,225.88,not_affordable,not_recommended,none,,none,"Do not proceed with this expense. None of the available options keeps the USD 1,100 minimum balance protected over the next 90 days."
request_83,9740.32,not_affordable,not_recommended,none,,none,"Do not proceed with this expense. None of the available options keeps the INR 37,800 minimum balance protected over the next 90 days."
request_84,0.0,not_affordable,not_recommended,none,,none,"Do not proceed with this expense. None of the available options keeps the INR 91,300 minimum balance protected over the next 90 days."
request_85,1270712.29,not_affordable,not_recommended,none,,none,"Do not proceed with this expense. None of the available options keeps the IDR 6,396,300 minimum balance protected over the next 90 days."
request_86,46300.0,affordable_with_plan,installments,2025-08-03:46300,2025-08-03,none,"Use 1 installments of INR 46,300.00, starting 2025-08-03. This leaves at least INR 84,900 available."
request_87,59500.09,not_affordable,not_recommended,none,,none,"Do not proceed with this expense. None of the available options keeps the INR 185,900 minimum balance protected over the next 90 days."
request_88,11959.79,affordable_with_plan,installments,2024-06-14:9045.23|2024-07-15:9045.23|2024-08-15:9045.23,2024-08-15,none,"Use 3 installments of ZAR 9,045.23, starting 2024-06-14. This leaves at least ZAR 25,800 available."
request_89,11578619.51,affordable_with_plan,installments,2025-11-18:4768746.67|2025-12-16:4768746.67|2026-01-13:4768746.67,2025-11-15,none,"Use 3 installments of IDR 4,768,746.67, starting 2025-11-18. This leaves at least IDR 12,534,700 available."
request_90,2560.0,affordable_now,full_payment,2026-07-06:2560,2026-07-06,none,"Pay ZAR 2,560.00 today. This leaves at least ZAR 7,600 available over the next 90 days."
request_91,1009.4,affordable_later,wait,2024-09-15:1927.20,2024-09-15,none,"Pay EUR 1,927.20 in full on 2024-09-15. Paying earlier would take the balance below the EUR 2,100 minimum."
request_92,20384.43,not_affordable,not_recommended,none,,none,"Do not proceed with this expense. None of the available options keeps the ZAR 28,100 minimum balance protected over the next 90 days."
request_93,1729.2,affordable_with_plan,installments,2026-04-07:1729.20,2026-04-07,none,"Use 1 installments of USD 1,729.20, starting 2026-04-07. This leaves at least USD 1,900 available."
request_94,572.0,affordable_now,full_payment,2024-12-04:572,2024-12-04,none,Pay EUR 572.00 today. This leaves at least EUR 600 available over the next 90 days.
request_95,46285.12,not_affordable,not_recommended,none,,none,"Do not proceed with this expense. None of the available options keeps the INR 145,500 minimum balance protected over the next 90 days."
request_96,84764.35,affordable_with_plan,installments,2026-01-10:31269.33|2026-02-09:31269.33|2026-03-11:31269.33,2026-01-15,none,"Use 3 installments of INR 31,269.33, starting 2026-01-10. This leaves at least INR 56,500 available."
request_97,2929.44,affordable_with_plan,installments,2024-03-19:8145.28|2024-04-19:8145.28|2024-05-20:8145.28,2024-04-15,none,"Use 3 installments of ZAR 8,145.28, starting 2024-03-19. This leaves at least ZAR 29,700 available."
request_98,0.0,not_affordable,not_recommended,none,,none,"Do not proceed with this expense. None of the available options keeps the ZAR 30,000 minimum balance protected over the next 90 days."
request_99,18062.0,affordable_now,full_payment,2026-07-04:18062,2026-07-04,none,"Pay ZAR 18,062.00 today. This leaves at least ZAR 49,100 available over the next 90 days."
request_100,31359.03,affordable_with_plan,installments,2024-06-13:12866.19|2024-07-14:12866.19|2024-08-14:12866.19,2024-06-15,none,"Use 3 installments of ZAR 12,866.19, starting 2024-06-13. This leaves at least ZAR 32,500 available."
request_101,143500.0,affordable_with_plan,installments,2025-11-03:143500,2025-11-03,none,"Use 1 installments of INR 143,500.00, starting 2025-11-03. This leaves at least INR 187,400 available."
request_102,1716.0,affordable_with_plan,installments,2026-04-05:1716,2026-04-05,none,"Use 1 installments of EUR 1,716.00, starting 2026-04-05. This leaves at least EUR 900 available."
request_103,21711.66,not_affordable,not_recommended,none,,none,"Do not proceed with this expense. None of the available options keeps the INR 125,500 minimum balance protected over the next 90 days."
request_104,0.0,not_affordable,not_recommended,none,,none,"Do not proceed with this expense. None of the available options keeps the ZAR 24,700 minimum balance protected over the next 90 days."
request_105,53500.0,affordable_with_plan,installments,2026-06-08:53500,2026-06-08,none,"Use 1 installments of INR 53,500.00, starting 2026-06-08. This leaves at least INR 73,900 available."
request_106,539.84,affordable_later,wait,2025-02-15:2207.70,2025-02-15,none,"Pay EUR 2,207.70 in full on 2025-02-15. Paying earlier would take the balance below the EUR 1,200 minimum."
request_107,1790.26,not_affordable,not_recommended,none,2025-07-15,none,"Do not proceed with this expense. None of the available options keeps the EUR 1,600 minimum balance protected over the next 90 days."
request_108,3651.3,not_affordable,not_recommended,none,,none,"Do not proceed with this expense. None of the available options keeps the ZAR 24,100 minimum balance protected over the next 90 days."
request_109,912.56,affordable_with_plan,installments,2024-03-18:645.98|2024-04-18:645.98|2024-05-19:645.98,2024-03-15,none,"Use 3 installments of EUR 645.98, starting 2024-03-18. This leaves at least EUR 1,700 available."
request_110,22352.0,affordable_with_plan,installments,2025-08-06:22352,2025-08-06,none,"Use 1 installments of ZAR 22,352.00, starting 2025-08-06. This leaves at least ZAR 11,200 available."
request_111,16625000.0,affordable_with_plan,installments,2026-04-03:16625000,2026-04-03,none,"Use 1 installments of IDR 16,625,000.00, starting 2026-04-03. This leaves at least IDR 23,022,800 available."
request_112,271.7,affordable_now,full_payment,2024-06-05:271.70,2024-06-05,none,Pay EUR 271.70 today. This leaves at least EUR 500 available over the next 90 days.
request_113,0.0,not_affordable,not_recommended,none,,none,"Do not proceed with this expense. None of the available options keeps the INR 82,300 minimum balance protected over the next 90 days."
request_114,65300.0,affordable_now,full_payment,2026-01-04:65300,2026-01-04,none,"Pay INR 65,300.00 today. This leaves at least INR 113,400 available over the next 90 days."
request_115,16371.71,affordable_later,wait,2024-10-15:80500,2024-10-15,none,"Pay INR 80,500.00 in full on 2024-10-15. Paying earlier would take the balance below the INR 38,800 minimum."
request_116,27680.16,not_affordable,not_recommended,none,,none,"Do not proceed with this expense. None of the available options keeps the INR 80,300 minimum balance protected over the next 90 days."
request_117,880.0,affordable_now,full_payment,2026-07-05:880,2026-07-05,none,"Pay EUR 880.00 today. This leaves at least EUR 1,000 available over the next 90 days."
request_118,464.49,not_affordable,not_recommended,none,,none,Do not proceed with this expense. None of the available options keeps the EUR 600 minimum balance protected over the next 90 days.
request_119,70146.78,affordable_with_plan,installments,2025-05-18:70546.67|2025-06-15:70546.67|2025-07-13:70546.67,2025-06-15,none,"Use 3 installments of INR 70,546.67, starting 2025-05-18. This leaves at least INR 151,200 available."
request_120,7714000.0,affordable_now,full_payment,2026-04-06:7714000,2026-04-06,none,"Pay IDR 7,714,000.00 today. This leaves at least IDR 20,050,300 available over the next 90 days."
request_121,633.6,affordable_now,full_payment,2024-03-03:633.60,2024-03-03,none,Pay USD 633.60 today. This leaves at least USD 800 available over the next 90 days.
request_122,20558000.0,affordable_with_plan,installments,2025-08-05:20558000,2025-08-05,none,"Use 1 installments of IDR 20,558,000.00, starting 2025-08-05. This leaves at least IDR 12,588,500 available."
request_123,4076000.0,affordable_now,full_payment,2026-01-07:4076000,2026-01-07,none,"Pay IDR 4,076,000.00 today. This leaves at least IDR 18,091,200 available over the next 90 days."
request_124,1498.4,affordable_with_plan,installments,2024-06-11:1076.12|2024-07-12:1076.12|2024-08-12:1076.12,2024-07-15,none,"Use 3 installments of EUR 1,076.12, starting 2024-06-11. This leaves at least EUR 1,600 available."
request_125,0.0,not_affordable,not_recommended,none,,none,"Do not proceed with this expense. None of the available options keeps the ZAR 11,300 minimum balance protected over the next 90 days."
request_126,159600.0,affordable_with_plan,installments,2026-07-03:159600,2026-07-03,none,"Use 1 installments of INR 159,600.00, starting 2026-07-03. This leaves at least INR 129,700 available."
request_127,17281.55,affordable_later,wait,2024-09-15:23980,2024-09-15,none,"Pay ZAR 23,980.00 in full on 2024-09-15. Paying earlier would take the balance below the ZAR 41,000 minimum."
request_128,25168.0,affordable_now,full_payment,2025-02-07:25168,2025-02-07,none,"Pay ZAR 25,168.00 today. This leaves at least ZAR 42,600 available over the next 90 days."
request_129,197.24,not_affordable,not_recommended,none,,none,Do not proceed with this expense. None of the available options keeps the USD 800 minimum balance protected over the next 90 days.
request_130,663.31,affordable_later,wait,2025-01-15:1978.80,2025-01-15,none,"Pay USD 1,978.80 in full on 2025-01-15. Paying earlier would take the balance below the USD 1,400 minimum."
request_131,1382.16,affordable_with_plan,installments,2025-05-06:643.14|2025-06-03:643.14|2025-07-01:643.14,2025-05-23,none,"Use 3 installments of USD 643.14, starting 2025-05-06. This leaves at least USD 1,100 available."
request_132,379.86,affordable_now,full_payment,2026-01-05:379.86,2026-01-05,none,"Pay USD 379.86 today. This leaves at least USD 1,100 available over the next 90 days."
request_133,15770000.0,not_affordable,not_recommended,none,2024-03-07,none,"Do not proceed with this expense. None of the available options keeps the IDR 9,986,200 minimum balance protected over the next 90 days."
request_134,7343943.67,affordable_later,wait,2025-08-15:21831000,2025-08-15,none,"Pay IDR 21,831,000.00 in full on 2025-08-15. Paying earlier would take the balance below the IDR 15,902,500 minimum."
request_135,304.8,affordable_with_plan,installments,2026-07-06:304.80,2026-07-06,none,"Use 1 installments of USD 304.80, starting 2026-07-06. This leaves at least USD 500 available."
request_136,560.4,affordable_now,full_payment,2024-06-03:560.40,2024-06-03,none,"Pay USD 560.40 today. This leaves at least USD 1,100 available over the next 90 days."
request_137,41896.96,affordable_later,wait,2025-11-15:80100,2025-11-15,none,"Pay INR 80,100.00 in full on 2025-11-15. Paying earlier would take the balance below the INR 71,800 minimum."
request_138,955.53,affordable_with_plan,partial_payment,2026-04-07:955.53|2026-04-15:301.41,2026-04-15,none,Pay EUR 955.53 today and the remaining balance on 2026-04-15. This completes the full request safely by the deadline.
request_139,1645.84,affordable_with_plan,installments,2024-09-07:802.88|2024-10-08:802.88|2024-11-08:802.88,2024-09-15,none,"Use 3 installments of USD 802.88, starting 2024-09-07. This leaves at least USD 1,500 available."
request_140,4591.4,not_affordable,not_recommended,none,,none,"Do not proceed with this expense. None of the available options keeps the ZAR 21,600 minimum balance protected over the next 90 days."
request_141,37598.84,not_affordable,not_recommended,none,2026-02-15,none,"Do not proceed with this expense. None of the available options keeps the INR 67,300 minimum balance protected over the next 90 days."
request_142,1263.6,affordable_now,full_payment,2024-12-05:1263.60,2024-12-05,none,"Pay USD 1,263.60 today. This leaves at least USD 1,700 available over the next 90 days."
request_143,4517.2,affordable_later,wait,2025-05-15:12584,2025-05-15,none,"Pay ZAR 12,584.00 in full on 2025-05-15. Paying earlier would take the balance below the ZAR 11,300 minimum."
request_144,233.34,affordable_now,full_payment,2026-07-04:233.34,2026-07-04,none,Pay USD 233.34 today. This leaves at least USD 600 available over the next 90 days.
request_145,27098.97,not_affordable,not_recommended,none,,none,"Do not proceed with this expense. None of the available options keeps the INR 155,400 minimum balance protected over the next 90 days."
request_146,27847.22,not_affordable,not_recommended,none,,none,"Do not proceed with this expense. None of the available options keeps the INR 108,600 minimum balance protected over the next 90 days."
request_147,622.38,affordable_with_plan,installments,2026-04-08:391.63|2026-05-08:391.63|2026-06-07:391.63,2026-04-15,none,"Use 3 installments of EUR 391.63, starting 2026-04-08. This leaves at least EUR 900 available."
request_148,10459.85,affordable_with_plan,installments,2024-06-14:7710.56|2024-07-15:7710.56|2024-08-15:7710.56,2024-07-15,none,"Use 3 installments of ZAR 7,710.56, starting 2024-06-14. This leaves at least ZAR 20,000 available."
request_149,27842.7,affordable_with_plan,installments,2025-11-18:12706.03|2025-12-16:12706.03|2026-01-13:12706.03,2025-11-15,none,"Use 3 installments of ZAR 12,706.03, starting 2025-11-18. This leaves at least ZAR 42,100 available."
request_150,438.19,not_affordable,not_recommended,none,2026-02-15,none,Do not proceed with this expense. None of the available options keeps the EUR 700 minimum balance protected over the next 90 days.
request_151,26999000.0,affordable_now,full_payment,2024-09-03:26999000,2024-09-03,none,"Pay IDR 26,999,000.00 today. This leaves at least IDR 31,633,600 available over the next 90 days."
request_152,12363.42,affordable_with_plan,installments,2025-02-12:4812.43|2025-03-12:4812.43|2025-04-09:4812.43,2025-02-15,none,"Use 3 installments of ZAR 4,812.43, starting 2025-02-12. This leaves at least ZAR 11,900 available."
request_153,349.9,not_affordable,not_recommended,none,,none,"Do not proceed with this expense. None of the available options keeps the USD 1,400 minimum balance protected over the next 90 days."
request_154,1625.8,affordable_with_plan,installments,2024-12-04:1625.80,2024-12-04,none,"Use 1 installments of EUR 1,625.80, starting 2024-12-04. This leaves at least EUR 1,300 available."
request_155,112500.0,affordable_now,full_payment,2025-05-06:112500,2025-05-06,none,"Pay INR 112,500.00 today. This leaves at least INR 56,300 available over the next 90 days."
request_156,10841.2,affordable_later,wait,2026-05-15:43076,2026-05-15,none,"Pay ZAR 43,076.00 in full on 2026-05-15. Paying earlier would take the balance below the ZAR 26,900 minimum."
request_157,6968905.82,affordable_later,wait,2024-04-15:23503000,2024-04-15,none,"Pay IDR 23,503,000.00 in full on 2024-04-15. Paying earlier would take the balance below the IDR 15,714,100 minimum."
request_158,242600.0,affordable_with_plan,installments,2025-08-07:242600,2025-08-07,none,"Use 1 installments of INR 242,600.00, starting 2025-08-07. This leaves at least INR 131,400 available."
request_159,13398.0,affordable_now,full_payment,2026-01-04:13398,2026-01-04,none,"Pay ZAR 13,398.00 today. This leaves at least ZAR 8,700 available over the next 90 days."
request_160,643.61,affordable_with_plan,installments,2024-06-13:432.05|2024-07-14:432.05|2024-08-14:432.05,2024-06-15,none,"Use 3 installments of EUR 432.05, starting 2024-06-13. This leaves at least EUR 1,200 available."
request_161,1685580.37,not_affordable,not_recommended,none,,none,"Do not proceed with this expense. None of the available options keeps the IDR 23,010,400 minimum balance protected over the next 90 days."
request_162,4603254.21,not_affordable,not_recommended,none,,none,"Do not proceed with this expense. None of the available options keeps the IDR 24,161,100 minimum balance protected over the next 90 days."
request_163,7710344.19,not_affordable,not_recommended,none,,none,"Do not proceed with this expense. None of the available options keeps the IDR 26,728,700 minimum balance protected over the next 90 days."
request_164,27018000.0,affordable_with_plan,installments,2025-02-04:27018000,2025-02-04,none,"Use 1 installments of IDR 27,018,000.00, starting 2025-02-04. This leaves at least IDR 29,550,500 available."
request_165,80600.0,affordable_now,full_payment,2026-04-06:80600,2026-04-06,none,"Pay INR 80,600.00 today. This leaves at least INR 95,000 available over the next 90 days."
request_166,2907.6,affordable_with_plan,installments,2024-12-03:2907.60,2024-12-03,none,"Use 1 installments of USD 2,907.60, starting 2024-12-03. This leaves at least USD 1,700 available."
request_167,43802.0,affordable_with_plan,installments,2025-05-05:43802,2025-05-05,none,"Use 1 installments of ZAR 43,802.00, starting 2025-05-05. This leaves at least ZAR 31,200 available."
request_168,49380.0,not_affordable,not_recommended,none,2026-01-07,none,"Do not proceed with this expense. None of the available options keeps the INR 114,400 minimum balance protected over the next 90 days."
request_169,21911.37,not_affordable,not_recommended,none,,none,"Do not proceed with this expense. None of the available options keeps the ZAR 18,700 minimum balance protected over the next 90 days."
request_170,34633492.64,affordable_with_plan,installments,2025-08-06:12804480|2025-09-03:12804480|2025-10-01:12804480,2025-08-15,none,"Use 3 installments of IDR 12,804,480.00, starting 2025-08-06. This leaves at least IDR 24,715,800 available."
request_171,114.07,not_affordable,not_recommended,none,,none,Do not proceed with this expense. None of the available options keeps the EUR 500 minimum balance protected over the next 90 days.
request_172,10200.0,affordable_with_plan,installments,2024-06-05:10200,2024-06-05,none,"Use 1 installments of ZAR 10,200.00, starting 2024-06-05. This leaves at least ZAR 27,200 available."
request_173,0.0,not_affordable,not_recommended,none,,none,"Do not proceed with this expense. None of the available options keeps the INR 79,100 minimum balance protected over the next 90 days."
request_174,1146.2,affordable_with_plan,installments,2026-04-04:1146.20,2026-04-04,none,"Use 1 installments of EUR 1,146.20, starting 2026-04-04. This leaves at least EUR 700 available."
request_175,2346.3,affordable_now,full_payment,2024-09-06:2346.30,2024-09-06,none,"Pay EUR 2,346.30 today. This leaves at least EUR 1,700 available over the next 90 days."
request_176,257.23,not_affordable,not_recommended,none,,none,Do not proceed with this expense. None of the available options keeps the EUR 600 minimum balance protected over the next 90 days.
request_177,1017.6,affordable_now,full_payment,2026-01-05:1017.60,2026-01-05,none,"Pay USD 1,017.60 today. This leaves at least USD 1,300 available over the next 90 days."
request_178,2938.1,affordable_with_plan,installments,2024-12-07:2938.10,2024-12-07,none,"Use 1 installments of EUR 2,938.10, starting 2024-12-07. This leaves at least EUR 1,400 available."
request_179,14489069.84,affordable_later,wait,2025-07-15:41648000,2025-07-15,none,"Pay IDR 41,648,000.00 in full on 2025-07-15. Paying earlier would take the balance below the IDR 41,430,800 minimum."
request_180,66500.0,affordable_with_plan,installments,2026-07-06:66500,2026-07-06,none,"Use 1 installments of INR 66,500.00, starting 2026-07-06. This leaves at least INR 37,300 available."
request_181,839.0,not_affordable,not_recommended,none,2024-05-15,none,"Do not proceed with this expense. None of the available options keeps the USD 2,000 minimum balance protected over the next 90 days."
request_182,65714.0,affordable_now,full_payment,2025-08-05:65714,2025-08-05,none,"Pay ZAR 65,714.00 today. This leaves at least ZAR 31,100 available over the next 90 days."
request_183,0.0,not_affordable,not_recommended,none,,none,"Do not proceed with this expense. None of the available options keeps the IDR 11,878,300 minimum balance protected over the next 90 days."
request_184,0.0,not_affordable,not_recommended,none,,none,"Do not proceed with this expense. None of the available options keeps the INR 110,800 minimum balance protected over the next 90 days."
request_185,554.31,affordable_later,wait,2025-11-15:1257.30,2025-11-15,none,"Pay EUR 1,257.30 in full on 2025-11-15. Paying earlier would take the balance below the EUR 1,300 minimum."
request_186,11819.32,affordable_later,wait,2026-03-15:26554,2026-03-15,none,"Pay ZAR 26,554.00 in full on 2026-03-15. Paying earlier would take the balance below the ZAR 22,000 minimum."
request_187,45576.87,affordable_later,wait,2024-11-15:187500,2024-11-15,none,"Pay INR 187,500.00 in full on 2024-11-15. Paying earlier would take the balance below the INR 128,300 minimum."
request_188,238.3,not_affordable,not_recommended,none,,none,Do not proceed with this expense. None of the available options keeps the EUR 900 minimum balance protected over the next 90 days.
request_189,488.4,affordable_now,full_payment,2026-07-04:488.40,2026-07-04,none,Pay EUR 488.40 today. This leaves at least EUR 400 available over the next 90 days.
request_190,910.67,affordable_later,wait,2025-01-15:2557.50,2025-01-15,none,"Pay EUR 2,557.50 in full on 2025-01-15. Paying earlier would take the balance below the EUR 1,600 minimum."
request_191,664.4,affordable_with_plan,installments,2025-05-03:664.40,2025-05-03,none,"Use 1 installments of EUR 664.40, starting 2025-05-03. This leaves at least EUR 500 available."
request_192,261.99,not_affordable,not_recommended,none,,none,"Do not proceed with this expense. None of the available options keeps the USD 1,000 minimum balance protected over the next 90 days."
request_193,211.39,affordable_with_plan,installments,2024-03-21:420.23|2024-04-21:420.23|2024-05-22:420.23,2024-04-15,none,"Use 3 installments of EUR 420.23, starting 2024-03-21. This leaves at least EUR 1,000 available."
request_194,52347.95,affordable_later,wait,2025-09-23:132800,2025-09-23,none,"Pay INR 132,800.00 in full on 2025-09-23. Paying earlier would take the balance below the INR 113,600 minimum."
request_195,1160.38,not_affordable,not_recommended,none,2026-03-15,none,Do not proceed with this expense. None of the available options keeps the EUR 700 minimum balance protected over the next 90 days.
request_196,762.3,affordable_now,full_payment,2024-06-03:762.30,2024-06-03,none,Pay EUR 762.30 today. This leaves at least EUR 500 available over the next 90 days.
request_197,45096118.87,affordable_with_plan,partial_payment,2025-11-05:45096118.87|2026-01-15:5842881.13,2026-01-15,none,"Pay IDR 45,096,118.87 today and the remaining balance on 2026-01-15. This completes the full request safely by the deadline."
request_198,185800.0,affordable_now,full_payment,2026-07-07:185800,2026-07-07,none,"Pay INR 185,800.00 today. This leaves at least INR 124,300 available over the next 90 days."
request_199,23674000.0,affordable_with_plan,installments,2024-09-04:23674000,2024-09-04,none,"Use 1 installments of IDR 23,674,000.00, starting 2024-09-04. This leaves at least IDR 25,359,500 available."
request_200,21717000.0,affordable_now,full_payment,2025-02-06:21717000,2025-02-06,none,"Pay IDR 21,717,000.00 today. This leaves at least IDR 20,114,600 available over the next 90 days."
request_201,23997000.0,affordable_with_plan,installments,2026-04-03:23997000,2026-04-03,none,"Use 1 installments of IDR 23,997,000.00, starting 2026-04-03. This leaves at least IDR 17,304,500 available."
request_202,123900.0,affordable_now,full_payment,2024-12-05:123900,2024-12-05,none,"Pay INR 123,900.00 today. This leaves at least INR 147,800 available over the next 90 days."
request_203,1442.1,affordable_with_plan,installments,2025-05-07:1442.10,2025-05-07,none,"Use 1 installments of EUR 1,442.10, starting 2025-05-07. This leaves at least EUR 1,400 available."
request_204,588.74,affordable_with_plan,installments,2026-01-04:588.74,2026-01-04,none,"Use 1 installments of EUR 588.74, starting 2026-01-04. This leaves at least EUR 1,300 available."
request_205,10621000.0,affordable_now,full_payment,2024-03-06:10621000,2024-03-06,none,"Pay IDR 10,621,000.00 today. This leaves at least IDR 13,994,300 available over the next 90 days."
request_206,1404.7,affordable_with_plan,installments,2025-08-03:1404.70,2025-08-03,none,"Use 1 installments of EUR 1,404.70, starting 2025-08-03. This leaves at least EUR 900 available."
request_207,6737.41,affordable_later,wait,2026-07-15:11830,2026-07-15,none,"Pay ZAR 11,830.00 in full on 2026-07-15. Paying earlier would take the balance below the ZAR 13,600 minimum."
request_208,4413000.0,affordable_now,full_payment,2024-06-07:4413000,2024-06-07,none,"Pay IDR 4,413,000.00 today. This leaves at least IDR 10,470,700 available over the next 90 days."
request_209,3034.53,not_affordable,not_recommended,none,,none,"Do not proceed with this expense. None of the available options keeps the ZAR 18,400 minimum balance protected over the next 90 days."
request_210,1115.14,affordable_with_plan,partial_payment,2026-04-06:1115.14|2026-04-15:244.88,2026-04-15,none,"Pay USD 1,115.14 today and the remaining balance on 2026-04-15. This completes the full request safely by the deadline."
request_211,591.04,affordable_later,wait,2024-10-15:1788.60,2024-10-15,none,"Pay EUR 1,788.60 in full on 2024-10-15. Paying earlier would take the balance below the EUR 1,500 minimum."
request_212,9347967.07,not_affordable,not_recommended,none,,none,"Do not proceed with this expense. None of the available options keeps the IDR 29,579,800 minimum balance protected over the next 90 days."
request_213,3362.4,affordable_with_plan,installments,2026-01-07:3362.40,2026-01-07,none,"Use 1 installments of USD 3,362.40, starting 2026-01-07. This leaves at least USD 2,100 available."
request_214,0.0,not_affordable,not_recommended,none,,none,"Do not proceed with this expense. None of the available options keeps the INR 174,900 minimum balance protected over the next 90 days."
request_215,29986.0,affordable_with_plan,installments,2025-05-06:29986,2025-05-06,none,"Use 1 installments of ZAR 29,986.00, starting 2025-05-06. This leaves at least ZAR 15,700 available."
request_216,710.77,affordable_later,wait,2026-09-15:3332.40,2026-09-15,none,"Pay USD 3,332.40 in full on 2026-09-15. Paying earlier would take the balance below the USD 1,800 minimum."
request_217,24424.45,affordable_with_plan,installments,2024-03-19:12889.07|2024-04-19:12889.07|2024-05-20:12889.07,2024-03-15,none,"Use 3 installments of ZAR 12,889.07, starting 2024-03-19. This leaves at least ZAR 26,800 available."
request_218,27553020.13,affordable_with_plan,installments,2025-08-07:21195893.33|2025-09-04:21195893.33|2025-10-02:21195893.33,2025-09-15,none,"Use 3 installments of IDR 21,195,893.33, starting 2025-08-07. This leaves at least IDR 34,477,200 available."
request_219,880.6,affordable_with_plan,installments,2026-04-07:580.01|2026-05-07:580.01|2026-06-06:580.01,2026-04-15,none,"Use 3 installments of EUR 580.01, starting 2026-04-07. This leaves at least EUR 1,100 available."
request_220,209.84,not_affordable,not_recommended,none,,none,"Do not proceed with this expense. None of the available options keeps the EUR 1,100 minimum balance protected over the next 90 days."
request_221,109800.0,affordable_now,full_payment,2025-11-03:109800,2025-11-03,none,"Pay INR 109,800.00 today. This leaves at least INR 81,500 available over the next 90 days."
request_222,34078.0,affordable_now,full_payment,2026-01-05:34078,2026-01-05,none,"Pay ZAR 34,078.00 today. This leaves at least ZAR 27,300 available over the next 90 days."
request_223,898.7,affordable_now,full_payment,2024-09-07:898.70,2024-09-07,none,Pay EUR 898.70 today. This leaves at least EUR 800 available over the next 90 days.
request_224,10327000.0,affordable_with_plan,installments,2025-02-04:10327000,2025-02-04,none,"Use 1 installments of IDR 10,327,000.00, starting 2025-02-04. This leaves at least IDR 22,187,600 available."
request_225,13370213.3,affordable_with_plan,installments,2026-07-20:7647120|2026-08-19:7647120|2026-09-18:7647120,2026-07-15,none,"Use 3 installments of IDR 7,647,120.00, starting 2026-07-20. This leaves at least IDR 17,670,700 available."
request_226,119850.87,not_affordable,not_recommended,none,2025-02-20,none,"Do not proceed with this expense. None of the available options keeps the INR 209,400 minimum balance protected over the next 90 days."
request_227,12861.34,not_affordable,not_recommended,none,,none,"Do not proceed with this expense. None of the available options keeps the INR 62,900 minimum balance protected over the next 90 days."
request_228,4656900.0,not_affordable,not_recommended,none,,none,"Do not proceed with this expense. None of the available options keeps the IDR 26,191,200 minimum balance protected over the next 90 days."
request_229,630.19,affordable_with_plan,installments,2024-03-18:529.29|2024-04-18:529.29|2024-05-19:529.29,2024-04-15,none,"Use 3 installments of EUR 529.29, starting 2024-03-18. This leaves at least EUR 1,000 available."
request_230,3537.6,affordable_now,full_payment,2025-08-06:3537.60,2025-08-06,none,"Pay EUR 3,537.60 today. This leaves at least EUR 2,000 available over the next 90 days."
request_231,35706.0,affordable_with_plan,installments,2026-01-03:35706,2026-01-03,none,"Use 1 installments of ZAR 35,706.00, starting 2026-01-03. This leaves at least ZAR 24,300 available."
request_232,928.6,affordable_later,wait,2024-07-15:1970.10,2024-07-15,none,"Pay EUR 1,970.10 in full on 2024-07-15. Paying earlier would take the balance below the EUR 2,400 minimum."
request_233,3766004.5,not_affordable,not_recommended,none,2026-01-15,none,"Do not proceed with this expense. None of the available options keeps the IDR 10,365,700 minimum balance protected over the next 90 days."
request_234,277.33,affordable_later,wait,2026-08-15:1213.30,2026-08-15,none,"Pay EUR 1,213.30 in full on 2026-08-15. Paying earlier would take the balance below the EUR 700 minimum."
request_235,967.2,affordable_with_plan,installments,2024-09-06:967.20,2024-09-06,none,"Use 1 installments of USD 967.20, starting 2024-09-06. This leaves at least USD 700 available."
request_236,7443718.01,not_affordable,not_recommended,none,,none,"Do not proceed with this expense. None of the available options keeps the IDR 16,768,600 minimum balance protected over the next 90 days."
request_237,23826000.0,affordable_now,full_payment,2026-04-05:23826000,2026-04-05,none,"Pay IDR 23,826,000.00 today. This leaves at least IDR 22,431,500 available over the next 90 days."
request_238,663.6,affordable_with_plan,installments,2024-12-07:663.60,2024-12-07,none,"Use 1 installments of USD 663.60, starting 2024-12-07. This leaves at least USD 700 available."
request_239,642.0,affordable_with_plan,installments,2025-05-04:642,2025-05-04,none,"Use 1 installments of USD 642.00, starting 2025-05-04. This leaves at least USD 600 available."
request_240,20020.0,not_affordable,not_recommended,none,,none,"Do not proceed with this expense. None of the available options keeps the INR 52,800 minimum balance protected over the next 90 days."
request_241,21052000.0,affordable_with_plan,installments,2024-03-03:21052000,2024-03-03,none,"Use 1 installments of IDR 21,052,000.00, starting 2024-03-03. This leaves at least IDR 19,252,000 available."
request_242,34.67,not_affordable,not_recommended,none,,none,Do not proceed with this expense. None of the available options keeps the EUR 600 minimum balance protected over the next 90 days.
request_243,17468.0,affordable_now,full_payment,2026-07-07:17468,2026-07-07,none,"Pay ZAR 17,468.00 today. This leaves at least ZAR 19,900 available over the next 90 days."
request_244,49918.0,affordable_with_plan,installments,2024-06-04:49918,2024-06-04,none,"Use 1 installments of ZAR 49,918.00, starting 2024-06-04. This leaves at least ZAR 45,900 available."
request_245,0.0,not_affordable,not_recommended,none,,none,"Do not proceed with this expense. None of the available options keeps the INR 94,600 minimum balance protected over the next 90 days."
request_246,64086.0,affordable_with_plan,installments,2026-04-03:64086,2026-04-03,none,"Use 1 installments of ZAR 64,086.00, starting 2026-04-03. This leaves at least ZAR 39,300 available."
request_247,1059.3,affordable_now,full_payment,2024-09-05:1059.30,2024-09-05,none,"Pay EUR 1,059.30 today. This leaves at least EUR 1,300 available over the next 90 days."
request_248,279.96,not_affordable,not_recommended,none,,none,"Do not proceed with this expense. None of the available options keeps the USD 1,300 minimum balance protected over the next 90 days."
request_249,240.62,not_affordable,not_recommended,none,,none,Do not proceed with this expense. None of the available options keeps the USD 600 minimum balance protected over the next 90 days.
request_250,17762.28,not_affordable,not_recommended,none,,none,"Do not proceed with this expense. None of the available options keeps the ZAR 35,300 minimum balance protected over the next 90 days."
request_251,1513.6,affordable_with_plan,installments,2025-05-03:1513.60,2025-05-03,none,"Use 1 installments of EUR 1,513.60, starting 2025-05-03. This leaves at least EUR 1,300 available."
request_252,5719759.63,affordable_later,wait,2026-08-15:28082000,2026-08-15,none,"Pay IDR 28,082,000.00 in full on 2026-08-15. Paying earlier would take the balance below the IDR 15,152,200 minimum."
request_253,1717.57,affordable_with_plan,installments,2024-03-21:984.60|2024-04-21:984.60|2024-05-22:984.60,2024-04-15,none,"Use 3 installments of EUR 984.60, starting 2024-03-21. This leaves at least EUR 2,300 available."
request_254,824.45,affordable_later,wait,2025-09-15:3535.20,2025-09-15,none,"Pay USD 3,535.20 in full on 2025-09-15. Paying earlier would take the balance below the USD 2,500 minimum."
request_255,3345000.0,affordable_now,full_payment,2026-04-06:3345000,2026-04-06,none,"Pay IDR 3,345,000.00 today. This leaves at least IDR 9,813,900 available over the next 90 days."
request_256,180215.52,affordable_with_plan,installments,2024-06-10:75816|2024-07-11:75816|2024-08-11:75816,2024-06-15,none,"Use 3 installments of INR 75,816.00, starting 2024-06-10. This leaves at least INR 168,600 available."
request_257,728.52,affordable_later,wait,2025-11-15:1352.40,2025-11-15,none,"Pay USD 1,352.40 in full on 2025-11-15. Paying earlier would take the balance below the USD 1,600 minimum."
request_258,1113.6,affordable_now,full_payment,2026-01-07:1113.60,2026-01-07,none,"Pay USD 1,113.60 today. This leaves at least USD 500 available over the next 90 days."
request_259,288.4,affordable_later,wait,2024-11-15:935,2024-11-15,none,Pay EUR 935.00 in full on 2024-11-15. Paying earlier would take the balance below the EUR 600 minimum.
request_260,0.0,not_affordable,not_recommended,none,,none,"Do not proceed with this expense. None of the available options keeps the IDR 20,727,700 minimum balance protected over the next 90 days."
request_261,1830.4,affordable_now,full_payment,2026-07-03:1830.40,2026-07-03,none,"Pay EUR 1,830.40 today. This leaves at least EUR 1,500 available over the next 90 days."
request_262,9236000.0,affordable_now,full_payment,2024-12-05:9236000,2024-12-05,none,"Pay IDR 9,236,000.00 today. This leaves at least IDR 31,018,500 available over the next 90 days."
request_263,0.0,not_affordable,not_recommended,none,,none,"Do not proceed with this expense. None of the available options keeps the ZAR 24,100 minimum balance protected over the next 90 days."
request_264,30923.34,not_affordable,not_recommended,none,,none,"Do not proceed with this expense. None of the available options keeps the INR 59,500 minimum balance protected over the next 90 days."
request_265,45970.0,affordable_now,full_payment,2024-03-06:45970,2024-03-06,none,"Pay INR 45,970.00 today. This leaves at least INR 189,700 available over the next 90 days."
request_266,865.25,not_affordable,not_recommended,none,2025-10-15,none,Do not proceed with this expense. None of the available options keeps the EUR 900 minimum balance protected over the next 90 days.
request_267,1907.62,affordable_with_plan,installments,2026-01-08:667.33|2026-02-07:667.33|2026-03-09:667.33,2026-01-15,none,"Use 3 installments of EUR 667.33, starting 2026-01-08. This leaves at least EUR 1,500 available."
request_268,1134.52,affordable_with_plan,installments,2024-06-14:841.22|2024-07-15:841.22|2024-08-15:841.22,2024-08-15,none,"Use 3 installments of EUR 841.22, starting 2024-06-14. This leaves at least EUR 1,400 available."
request_269,7478.14,not_affordable,not_recommended,none,2026-01-15,none,"Do not proceed with this expense. None of the available options keeps the ZAR 23,100 minimum balance protected over the next 90 days."
request_270,255.68,not_affordable,not_recommended,none,,none,"Do not proceed with this expense. None of the available options keeps the USD 1,400 minimum balance protected over the next 90 days."
request_271,6010.62,not_affordable,not_recommended,none,,none,"Do not proceed with this expense. None of the available options keeps the INR 58,200 minimum balance protected over the next 90 days."
request_272,6128654.63,affordable_with_plan,installments,2025-02-12:4709466.67|2025-03-12:4709466.67|2025-04-09:4709466.67,2025-03-15,none,"Use 3 installments of IDR 4,709,466.67, starting 2025-02-12. This leaves at least IDR 7,508,600 available."
request_273,12228400.0,affordable_with_plan,partial_payment,2026-04-07:12228400|2026-04-15:3632600,2026-04-15,none,"Pay IDR 12,228,400.00 today and the remaining balance on 2026-04-15. This completes the full request safely by the deadline."
request_274,2713.7,affordable_with_plan,installments,2024-12-04:2713.70,2024-12-04,none,"Use 1 installments of EUR 2,713.70, starting 2024-12-04. This leaves at least EUR 1,800 available."
request_275,15884000.0,affordable_now,full_payment,2025-05-06:15884000,2025-05-06,none,"Pay IDR 15,884,000.00 today. This leaves at least IDR 12,760,100 available over the next 90 days."
